{"schemaVersion":35,"addons":[{"id":"formautofill@mozilla.org","syncGUID":"{fff0ac5e-2d1d-4edf-909a-e32923580cee}","version":"1.0.1","type":"extension","loader":null,"updateURL":null,"installOrigins":null,"manifestVersion":2,"optionsURL":null,"optionsType":null,"optionsBrowserStyle":true,"aboutURL":null,"defaultLocale":{"name":"Form Autofill","creator":null,"developers":null,"translators":null,"contributors":null},"visible":true,"active":true,"userDisabled":false,"appDisabled":false,"embedderDisabled":false,"installDate":1675085183000,"updateDate":1692213321000,"applyBackgroundUpdates":1,"path":"/usr/lib/firefox/browser/features/formautofill@mozilla.org.xpi","skinnable":false,"sourceURI":null,"releaseNotesURI":null,"softDisabled":false,"foreignInstall":false,"strictCompatibility":true,"locales":[],"targetApplications":[{"id":"toolkit@mozilla.org","minVersion":null,"maxVersion":null}],"targetPlatforms":[],"signedDate":null,"seen":true,"dependencies":[],"incognito":"spanning","userPermissions":{"permissions":[],"origins":[]},"optionalPermissions":{"permissions":[],"origins":[]},"icons":{},"iconURL":null,"blocklistState":0,"blocklistURL":null,"startupData":{},"hidden":true,"installTelemetryInfo":null,"recommendationState":null,"rootURI":"jar:file:///usr/lib/firefox/browser/features/formautofill@mozilla.org.xpi!/","location":"app-system-defaults"},{"id":"pictureinpicture@mozilla.org","syncGUID":"{b3f61859-b4d8-48f7-a69d-f476f8428018}","version":"1.0.0","type":"extension","loader":null,"updateURL":null,"installOrigins":null,"manifestVersion":2,"optionsURL":null,"optionsType":null,"optionsBrowserStyle":true,"aboutURL":null,"defaultLocale":{"name":"Picture-In-Picture","description":"Fixes for web compatibility with Picture-in-Picture","creator":null,"developers":null,"translators":null,"contributors":null},"visible":true,"active":true,"userDisabled":false,"appDisabled":false,"embedderDisabled":false,"installDate":1675085183000,"updateDate":1692213321000,"applyBackgroundUpdates":1,"path":"/usr/lib/firefox/browser/features/pictureinpicture@mozilla.org.xpi","skinnable":false,"sourceURI":null,"releaseNotesURI":null,"softDisabled":false,"foreignInstall":false,"strictCompatibility":true,"locales":[],"targetApplications":[{"id":"toolkit@mozilla.org","minVersion":"88.0a1","maxVersion":null}],"targetPlatforms":[],"signedDate":null,"seen":true,"dependencies":[],"incognito":"spanning","userPermissions":{"permissions":[],"origins":[]},"optionalPermissions":{"permissions":[],"origins":[]},"icons":{},"iconURL":null,"blocklistState":0,"blocklistURL":null,"startupData":{},"hidden":true,"installTelemetryInfo":null,"recommendationState":null,"rootURI":"jar:file:///usr/lib/firefox/browser/features/pictureinpicture@mozilla.org.xpi!/","location":"app-system-defaults"},{"id":"screenshots@mozilla.org","syncGUID":"{39f4abd8-6236-42b3-9f48-2d54e3020295}","version":"39.0.1","type":"extension","loader":null,"updateURL":null,"installOrigins":null,"manifestVersion":2,"optionsURL":null,"optionsType":null,"optionsBrowserStyle":true,"aboutURL":null,"defaultLocale":{"name":"Firefox Screenshots","description":"Take clips and screenshots from the Web and save them temporarily or permanently.","creator":"Mozilla <screenshots-feedback@mozilla.com>","homepageURL":"https://github.com/mozilla-services/screenshots","developers":null,"translators":null,"contributors":null},"visible":true,"active":true,"userDisabled":false,"appDisabled":false,"embedderDisabled":false,"installDate":1675085183000,"updateDate":1692213321000,"applyBackgroundUpdates":1,"path":"/usr/lib/firefox/browser/features/screenshots@mozilla.org.xpi","skinnable":false,"sourceURI":null,"releaseNotesURI":null,"softDisabled":false,"foreignInstall":false,"strictCompatibility":true,"locales":[],"targetApplications":[{"id":"toolkit@mozilla.org","minVersion":"57.0a1","maxVersion":null}],"targetPlatforms":[],"signedDate":null,"seen":true,"dependencies":[],"incognito":"spanning","userPermissions":{"permissions":["activeTab","downloads","tabs","storage","notifications","clipboardWrite","contextMenus","mozillaAddons","telemetry"],"origins":["<all_urls>","https://screenshots.firefox.com/","resource://pdf.js/","about:reader*","https://screenshots.firefox.com/*"]},"optionalPermissions":{"permissions":[],"origins":[]},"icons":{},"iconURL":null,"blocklistState":0,"blocklistURL":null,"startupData":{},"hidden":true,"installTelemetryInfo":null,"recommendationState":null,"rootURI":"jar:file:///usr/lib/firefox/browser/features/screenshots@mozilla.org.xpi!/","location":"app-system-defaults"},{"id":"webcompat-reporter@mozilla.org","syncGUID":"{21f0e758-2aeb-4aa0-bf47-e65f4ddc93a4}","version":"1.5.1","type":"extension","loader":null,"updateURL":null,"installOrigins":null,"manifestVersion":2,"optionsURL":null,"optionsType":null,"optionsBrowserStyle":true,"aboutURL":null,"defaultLocale":{"name":"WebCompat Reporter","description":"Report site compatibility issues on webcompat.com","creator":"Thomas Wisniewski <twisniewski@mozilla.com>","homepageURL":"https://github.com/mozilla/webcompat-reporter","developers":null,"translators":null,"contributors":null},"visible":true,"active":false,"userDisabled":true,"appDisabled":false,"embedderDisabled":false,"installDate":1675085183000,"updateDate":1692213321000,"applyBackgroundUpdates":1,"path":"/usr/lib/firefox/browser/features/webcompat-reporter@mozilla.org.xpi","skinnable":false,"sourceURI":null,"releaseNotesURI":null,"softDisabled":false,"foreignInstall":false,"strictCompatibility":true,"locales":[],"targetApplications":[{"id":"toolkit@mozilla.org","minVersion":null,"maxVersion":null}],"targetPlatforms":[],"signedDate":null,"seen":true,"dependencies":[],"incognito":"spanning","userPermissions":{"permissions":["tabs"],"origins":["<all_urls>"]},"optionalPermissions":{"permissions":[],"origins":[]},"icons":{"16":"icons/lightbulb.svg","32":"icons/lightbulb.svg","48":"icons/lightbulb.svg","96":"icons/lightbulb.svg","128":"icons/lightbulb.svg"},"iconURL":null,"blocklistState":0,"blocklistURL":null,"startupData":null,"hidden":true,"installTelemetryInfo":null,"recommendationState":null,"rootURI":"jar:file:///usr/lib/firefox/browser/features/webcompat-reporter@mozilla.org.xpi!/","location":"app-system-defaults"},{"id":"webcompat@mozilla.org","syncGUID":"{dc020ea0-3bd4-4c69-bf20-47aa1f5e2e00}","version":"116.1.0","type":"extension","loader":null,"updateURL":null,"installOrigins":null,"manifestVersion":2,"optionsURL":null,"optionsType":null,"optionsBrowserStyle":true,"aboutURL":null,"defaultLocale":{"name":"Web Compatibility Interventions","description":"Urgent post-release fixes for web compatibility.","creator":null,"developers":null,"translators":null,"contributors":null},"visible":true,"active":true,"userDisabled":false,"appDisabled":false,"embedderDisabled":false,"installDate":1675085183000,"updateDate":1692213321000,"applyBackgroundUpdates":1,"path":"/usr/lib/firefox/browser/features/webcompat@mozilla.org.xpi","skinnable":false,"sourceURI":null,"releaseNotesURI":null,"softDisabled":false,"foreignInstall":false,"strictCompatibility":true,"locales":[],"targetApplications":[{"id":"toolkit@mozilla.org","minVersion":"102.0","maxVersion":null}],"targetPlatforms":[],"signedDate":null,"seen":true,"dependencies":[],"incognito":"spanning","userPermissions":{"permissions":["mozillaAddons","tabs","webNavigation","webRequest","webRequestBlocking"],"origins":["<all_urls>"]},"optionalPermissions":{"permissions":[],"origins":[]},"icons":{},"iconURL":null,"blocklistState":0,"blocklistURL":null,"startupData":{"persistentListeners":{"webRequest":{"onBeforeRequest":[[{"incognito":null,"tabId":null,"types":["image"],"urls":["https://smartblock.firefox.etp/facebook.svg","https://smartblock.firefox.etp/play.svg"],"windowId":null},["blocking"]],[{"incognito":null,"tabId":null,"types":["script"],"urls":["*://webcompat-addon-testbed.herokuapp.com/shims_test.js","*://example.com/browser/browser/extensions/webcompat/tests/browser/shims_test.js","*://example.com/browser/browser/extensions/webcompat/tests/browser/shims_test_2.js","*://example.com/browser/browser/extensions/webcompat/tests/browser/shims_test_3.js","*://s7.addthis.com/icons/official-addthis-angularjs/current/dist/official-addthis-angularjs.min.js*","*://track.adform.net/serving/scripts/trackpoint/","*://track.adform.net/serving/scripts/trackpoint/async/","*://*.adnxs.com/*/ast.js*","*://*.adnxs.com/*/pb.js*","*://*.adnxs.com/*/prebid*","*://www.everestjs.net/static/st.v3.js*","*://static.adsafeprotected.com/vans-adapter-google-ima.js","*://pagead2.googlesyndication.com/pagead/js/adsbygoogle.js","*://cdn.branch.io/branch-latest.min.js*","*://pub.doubleverify.com/signals/pub.js*","*://c.amazon-adsystem.com/aax2/apstag.js","*://auth.9c9media.ca/auth/main.js","*://static.chartbeat.com/js/chartbeat.js","*://static.chartbeat.com/js/chartbeat_video.js","*://static.criteo.net/js/ld/publishertag.js","*://*.imgur.com/js/vendor.*.bundle.js","*://*.imgur.io/js/vendor.*.bundle.js","*://www.rva311.com/static/js/main.*.chunk.js","*://web-assets.toggl.com/app/assets/scripts/*.js","*://libs.coremetrics.com/eluminate.js","*://connect.facebook.net/*/sdk.js*","*://connect.facebook.net/*/all.js*","*://secure.cdn.fastclick.net/js/cnvr-launcher/*/launcher-stub.min.js*","*://www.google-analytics.com/analytics.js*","*://www.google-analytics.com/gtm/js*","*://www.googletagmanager.com/gtm.js*","*://www.google-analytics.com/plugins/ua/ec.js","*://ssl.google-analytics.com/ga.js","*://s0.2mdn.net/instream/html5/ima3.js","*://imasdk.googleapis.com/js/sdkloader/ima3.js","*://www.googleadservices.com/pagead/conversion_async.js","*://www.googletagservices.com/tag/js/gpt.js*","*://pagead2.googlesyndication.com/tag/js/gpt.js*","*://pagead2.googlesyndication.com/gpt/pubads_impl_*.js*","*://securepubads.g.doubleclick.net/tag/js/gpt.js*","*://securepubads.g.doubleclick.net/gpt/pubads_impl_*.js*","*://script.ioam.de/iam.js","*://cdn.adsafeprotected.com/iasPET.1.js","*://static.adsafeprotected.com/iasPET.1.js","*://adservex.media.net/videoAds.js*","*://*.moatads.com/*/moatad.js*","*://*.moatads.com/*/moatapi.js*","*://*.moatads.com/*/moatheader.js*","*://*.moatads.com/*/yi.js*","*://*.imrworldwide.com/v60.js","*://cdn.optimizely.com/js/*.js","*://cdn.optimizely.com/public/*.js","*://id.rambler.ru/rambler-id-helper/auth_events.js","*://media.richrelevance.com/rrserver/js/1.2/p13n.js","*://www.gstatic.com/firebasejs/*/firebase-messaging.js*","*://*.vidible.tv/*/vidible-min.js*","*://vdb-cdn-files.s3.amazonaws.com/*/vidible-min.js*","*://js.maxmind.com/js/apis/geoip2/*/geoip2.js","*://s.webtrends.com/js/advancedLinkTracking.js","*://s.webtrends.com/js/webtrends.js","*://s.webtrends.com/js/webtrends.min.js"],"windowId":null},["blocking"]],[{"incognito":null,"tabId":null,"types":["sub_frame"],"urls":["*://tpc.googlesyndication.com/safeframe/*/html/container.html","*://*.safeframe.googlesyndication.com/safeframe/*/html/container.html"],"windowId":null},["blocking"]],[{"incognito":null,"tabId":null,"types":["main_frame"],"urls":["*://login.microsoftonline.com/*","*://login.microsoftonline.us/*"],"windowId":null},["blocking"]],[{"incognito":null,"tabId":null,"types":["image"],"urls":["*://track.adform.net/Serving/TrackPoint/*","*://pixel.advertising.com/firefox-etp","*://*.advertising.com/*.js*","*://*.advertising.com/*","*://securepubads.g.doubleclick.net/gampad/*ad-blk*","*://pubads.g.doubleclick.net/gampad/*ad-blk*","*://securepubads.g.doubleclick.net/gampad/*xml_vmap1*","*://pubads.g.doubleclick.net/gampad/*xml_vmap1*","*://vast.adsafeprotected.com/vast*","*://securepubads.g.doubleclick.net/gampad/*xml_vmap2*","*://pubads.g.doubleclick.net/gampad/*xml_vmap2*","*://securepubads.g.doubleclick.net/gampad/*ad*","*://pubads.g.doubleclick.net/gampad/*ad*","*://www.facebook.com/platform/impression.php*","https://ads.stickyadstv.com/firefox-etp","*://ads.stickyadstv.com/auto-user-sync*","*://ads.stickyadstv.com/user-matching*","https://static.adsafeprotected.com/firefox-etp-pixel","*://*.adsafeprotected.com/*.gif*","*://*.adsafeprotected.com/*.png*","*://*.adsafeprotected.com/*.js*","*://*.adsafeprotected.com/*/adj*","*://*.adsafeprotected.com/*/imp/*","*://*.adsafeprotected.com/*/Serving/*","*://*.adsafeprotected.com/*/unit/*","*://*.adsafeprotected.com/jload","*://*.adsafeprotected.com/jload?*","*://*.adsafeprotected.com/jsvid","*://*.adsafeprotected.com/jsvid?*","*://*.adsafeprotected.com/mon*","*://*.adsafeprotected.com/tpl","*://*.adsafeprotected.com/tpl?*","*://*.adsafeprotected.com/services/pub*","*://*.adsafeprotected.com/*"],"windowId":null},["blocking"]],[{"incognito":null,"tabId":null,"types":["imageset"],"urls":["*://track.adform.net/Serving/TrackPoint/*","*://pixel.advertising.com/firefox-etp","*://*.advertising.com/*.js*","*://*.advertising.com/*","*://securepubads.g.doubleclick.net/gampad/*ad-blk*","*://pubads.g.doubleclick.net/gampad/*ad-blk*","*://securepubads.g.doubleclick.net/gampad/*xml_vmap1*","*://pubads.g.doubleclick.net/gampad/*xml_vmap1*","*://vast.adsafeprotected.com/vast*","*://securepubads.g.doubleclick.net/gampad/*xml_vmap2*","*://pubads.g.doubleclick.net/gampad/*xml_vmap2*","*://securepubads.g.doubleclick.net/gampad/*ad*","*://pubads.g.doubleclick.net/gampad/*ad*","*://www.facebook.com/platform/impression.php*","https://ads.stickyadstv.com/firefox-etp","*://ads.stickyadstv.com/auto-user-sync*","*://ads.stickyadstv.com/user-matching*","https://static.adsafeprotected.com/firefox-etp-pixel","*://*.adsafeprotected.com/*.gif*","*://*.adsafeprotected.com/*.png*","*://*.adsafeprotected.com/*.js*","*://*.adsafeprotected.com/*/adj*","*://*.adsafeprotected.com/*/imp/*","*://*.adsafeprotected.com/*/Serving/*","*://*.adsafeprotected.com/*/unit/*","*://*.adsafeprotected.com/jload","*://*.adsafeprotected.com/jload?*","*://*.adsafeprotected.com/jsvid","*://*.adsafeprotected.com/jsvid?*","*://*.adsafeprotected.com/mon*","*://*.adsafeprotected.com/tpl","*://*.adsafeprotected.com/tpl?*","*://*.adsafeprotected.com/services/pub*","*://*.adsafeprotected.com/*"],"windowId":null},["blocking"]],[{"incognito":null,"tabId":null,"types":["xmlhttprequest"],"urls":["*://track.adform.net/Serving/TrackPoint/*","*://pagead2.googlesyndication.com/pagead/*.js*fcd=true","*://pagead2.googlesyndication.com/pagead/js/*.js*fcd=true","*://pixel.advertising.com/firefox-etp","*://cdn.cmp.advertising.com/firefox-etp","*://*.advertising.com/*.js*","*://*.advertising.com/*","*://securepubads.g.doubleclick.net/gampad/*ad-blk*","*://pubads.g.doubleclick.net/gampad/*ad-blk*","*://securepubads.g.doubleclick.net/gampad/*xml_vmap1*","*://pubads.g.doubleclick.net/gampad/*xml_vmap1*","*://vast.adsafeprotected.com/vast*","*://securepubads.g.doubleclick.net/gampad/*xml_vmap2*","*://pubads.g.doubleclick.net/gampad/*xml_vmap2*","*://securepubads.g.doubleclick.net/gampad/*ad*","*://pubads.g.doubleclick.net/gampad/*ad*","*://www.facebook.com/platform/impression.php*","https://ads.stickyadstv.com/firefox-etp","*://ads.stickyadstv.com/auto-user-sync*","*://ads.stickyadstv.com/user-matching*","https://static.adsafeprotected.com/firefox-etp-pixel","https://static.adsafeprotected.com/firefox-etp-js","*://*.adsafeprotected.com/*.gif*","*://*.adsafeprotected.com/*.png*","*://*.adsafeprotected.com/*.js*","*://*.adsafeprotected.com/*/adj*","*://*.adsafeprotected.com/*/imp/*","*://*.adsafeprotected.com/*/Serving/*","*://*.adsafeprotected.com/*/unit/*","*://*.adsafeprotected.com/jload","*://*.adsafeprotected.com/jload?*","*://*.adsafeprotected.com/jsvid","*://*.adsafeprotected.com/jsvid?*","*://*.adsafeprotected.com/mon*","*://*.adsafeprotected.com/tpl","*://*.adsafeprotected.com/tpl?*","*://*.adsafeprotected.com/services/pub*","*://*.adsafeprotected.com/*"],"windowId":null},["blocking"]]],"onBeforeSendHeaders":[[{"incognito":null,"tabId":null,"types":["sub_frame"],"urls":["*://trends.google.com/trends/embed*"],"windowId":null},["blocking","requestHeaders"]]],"onHeadersReceived":[[{"incognito":null,"tabId":null,"types":["sub_frame"],"urls":["*://trends.google.com/trends/embed*"],"windowId":null},["blocking","responseHeaders"]]]}}},"hidden":true,"installTelemetryInfo":null,"recommendationState":null,"rootURI":"jar:file:///usr/lib/firefox/browser/features/webcompat@mozilla.org.xpi!/","location":"app-system-defaults"},{"id":"default-theme@mozilla.org","syncGUID":"{fc04f978-bc7e-466b-be58-cb5d216cac69}","version":"1.3","type":"theme","loader":null,"updateURL":null,"installOrigins":null,"manifestVersion":2,"optionsURL":null,"optionsType":null,"optionsBrowserStyle":true,"aboutURL":null,"defaultLocale":{"name":"System theme — auto","description":"Follow the operating system setting for buttons, menus, and windows.","creator":"Mozilla","developers":null,"translators":null,"contributors":null},"visible":true,"active":true,"userDisabled":false,"appDisabled":false,"embedderDisabled":false,"installDate":1684440721467,"applyBackgroundUpdates":1,"path":null,"skinnable":false,"sourceURI":null,"releaseNotesURI":null,"softDisabled":false,"foreignInstall":false,"strictCompatibility":true,"locales":[],"targetApplications":[{"id":"toolkit@mozilla.org","minVersion":null,"maxVersion":null}],"targetPlatforms":[],"signedDate":null,"seen":true,"dependencies":[],"userPermissions":null,"optionalPermissions":null,"icons":{"32":"icon.svg"},"iconURL":null,"blocklistState":0,"blocklistURL":null,"startupData":{},"hidden":false,"installTelemetryInfo":null,"recommendationState":null,"rootURI":"resource://default-theme/","location":"app-builtin"},{"id":"addons-search-detection@mozilla.com","syncGUID":"{b5dbec9f-a509-48b5-9046-459f0f73a60e}","version":"2.0.0","type":"extension","loader":null,"updateURL":null,"installOrigins":null,"manifestVersion":2,"optionsURL":null,"optionsType":null,"optionsBrowserStyle":true,"aboutURL":null,"defaultLocale":{"name":"Add-ons Search Detection","description":"","creator":null,"developers":null,"translators":null,"contributors":null},"visible":true,"active":true,"userDisabled":false,"appDisabled":false,"embedderDisabled":false,"installDate":1684440726578,"applyBackgroundUpdates":1,"path":null,"skinnable":false,"sourceURI":null,"releaseNotesURI":null,"softDisabled":false,"foreignInstall":false,"strictCompatibility":true,"locales":[],"targetApplications":[{"id":"toolkit@mozilla.org","minVersion":null,"maxVersion":null}],"targetPlatforms":[],"signedDate":null,"seen":true,"dependencies":[],"incognito":"spanning","userPermissions":{"permissions":["telemetry","webRequest","webRequestBlocking"],"origins":["<all_urls>"]},"optionalPermissions":{"permissions":[],"origins":[]},"icons":{},"iconURL":null,"blocklistState":0,"blocklistURL":null,"startupData":{},"hidden":true,"installTelemetryInfo":null,"recommendationState":null,"rootURI":"resource://builtin-addons/search-detection/","location":"app-builtin"},{"id":"google@search.mozilla.org","syncGUID":"{a6ec0b73-81b5-4bf6-af99-ec4a0cef1736}","version":"1.4","type":"extension","loader":null,"updateURL":null,"installOrigins":null,"manifestVersion":2,"optionsURL":null,"optionsType":null,"optionsBrowserStyle":true,"aboutURL":null,"defaultLocale":{"name":"Google","description":"Google Search","creator":null,"developers":null,"translators":null,"contributors":null},"visible":true,"active":true,"userDisabled":false,"appDisabled":false,"embedderDisabled":false,"installDate":1684440727543,"applyBackgroundUpdates":1,"path":null,"skinnable":false,"sourceURI":null,"releaseNotesURI":null,"softDisabled":false,"foreignInstall":false,"strictCompatibility":true,"locales":[{"name":"Google","description":"Google Search","creator":null,"developers":null,"translators":null,"contributors":null,"locales":["en"]},{"name":"Google","description":"Google Search","creator":null,"developers":null,"translators":null,"contributors":null,"locales":["region-ru"]},{"name":"Google","description":"Google Search","creator":null,"developers":null,"translators":null,"contributors":null,"locales":["region-by"]},{"name":"Google","description":"Google Search","creator":null,"developers":null,"translators":null,"contributors":null,"locales":["region-tr"]},{"name":"Google","description":"Google Search","creator":null,"developers":null,"translators":null,"contributors":null,"locales":["region-kz"]}],"targetApplications":[{"id":"toolkit@mozilla.org","minVersion":null,"maxVersion":null}],"targetPlatforms":[],"signedDate":null,"seen":true,"dependencies":[],"incognito":"spanning","userPermissions":{"permissions":[],"origins":[]},"optionalPermissions":{"permissions":[],"origins":[]},"icons":{"16":"favicon.ico"},"iconURL":null,"blocklistState":0,"blocklistURL":null,"startupData":{},"hidden":true,"installTelemetryInfo":null,"recommendationState":null,"rootURI":"resource://search-extensions/google/","location":"app-builtin"},{"id":"wikipedia@search.mozilla.org","syncGUID":"{cab3e9d4-357c-4f72-82fd-f6321c30a34b}","version":"1.3","type":"extension","loader":null,"updateURL":null,"installOrigins":null,"manifestVersion":2,"optionsURL":null,"optionsType":null,"optionsBrowserStyle":true,"aboutURL":null,"defaultLocale":{"name":"Wikipedia (en)","description":"Wikipedia, the Free Encyclopedia","creator":null,"developers":null,"translators":null,"contributors":null},"visible":true,"active":true,"userDisabled":false,"appDisabled":false,"embedderDisabled":false,"installDate":1684440727882,"applyBackgroundUpdates":1,"path":null,"skinnable":false,"sourceURI":null,"releaseNotesURI":null,"softDisabled":false,"foreignInstall":false,"strictCompatibility":true,"locales":[{"name":"Wikipedia (en)","description":"Wikipedia, the Free Encyclopedia","creator":null,"developers":null,"translators":null,"contributors":null,"locales":["en"]},{"name":"Wikipedija (hr)","description":"Wikipedija, slobodna enciklopedija","creator":null,"developers":null,"translators":null,"contributors":null,"locales":["hr"]},{"name":"Wikipedia (fi)","description":"Wikipedia (fi), vapaa tietosanakirja","creator":null,"developers":null,"translators":null,"contributors":null,"locales":["fi"]},{"name":"Wikipedia (hy)","description":"Վիքիփեդիա՝ ազատ հանրագիտարան","creator":null,"developers":null,"translators":null,"contributors":null,"locales":["hy"]},{"name":"Уикипедия (kk)","description":"Уикипедия (kk)","creator":null,"developers":null,"translators":null,"contributors":null,"locales":["kk"]},{"name":"Вікіпедыя (be)","description":"Вікіпедыя, свабодная энцыклапедыя","creator":null,"developers":null,"translators":null,"contributors":null,"locales":["be"]},{"name":"위키백과 (ko)","description":"Wikipedia, the free encyclopedia","creator":null,"developers":null,"translators":null,"contributors":null,"locales":["kr"]},{"name":"Wikipedia (ro)","description":"Wikipedia, enciclopedia liberă","creator":null,"developers":null,"translators":null,"contributors":null,"locales":["ro"]},{"name":"Wikipedia (bs)","description":"Slobodna enciklopedija","creator":null,"developers":null,"translators":null,"contributors":null,"locales":["bs"]},{"name":"Wikipedia (pt)","description":"Wikipédia, a enciclopédia livre","creator":null,"developers":null,"translators":null,"contributors":null,"locales":["pt"]},{"name":"Vikipetã (gn)","description":"Vikipetã, opaite tembikuaa hekosãsóva renda","creator":null,"developers":null,"translators":null,"contributors":null,"locales":["gn"]},{"name":"વિકિપીડિયા (gu)","description":"વીકીપીડિયા, મુક્ત એનસાયક્લોપીડિયા","creator":null,"developers":null,"translators":null,"contributors":null,"locales":["gu"]},{"name":"Wikipedia (el)","description":"Βικιπαίδεια, η ελεύθερη εγκυκλοπαίδεια","creator":null,"developers":null,"translators":null,"contributors":null,"locales":["el"]},{"name":"Wikipedia (es)","description":"Wikipedia, la enciclopedia libre","creator":null,"developers":null,"translators":null,"contributors":null,"locales":["es"]},{"name":"ויקיפדיה","description":"ויקיפדיה","creator":null,"developers":null,"translators":null,"contributors":null,"locales":["he"]},{"name":"Wikipedia (da)","description":"Wikipedia, den frie encyklopædi","creator":null,"developers":null,"translators":null,"contributors":null,"locales":["da"]},{"name":"Wikipedia (tr)","description":"Vikipedi, özgür ansiklopedi","creator":null,"developers":null,"translators":null,"contributors":null,"locales":["tr"]},{"name":"Wikipedija (hsb)","description":"Wikipedija, swobodna encyklopedija","creator":null,"developers":null,"translators":null,"contributors":null,"locales":["hsb"]},{"name":"Wikipedy (fy)","description":"De fergese ensyklopedy","creator":null,"developers":null,"translators":null,"contributors":null,"locales":["fy-NL"]},{"name":"विकिपीडिया (ne)","description":"विकिपिडिया एक स्वतन्त्र विश्वकोष","creator":null,"developers":null,"translators":null,"contributors":null,"locales":["ne"]},{"name":"Wikipedia (nl)","description":"De vrije encyclopedie","creator":null,"developers":null,"translators":null,"contributors":null,"locales":["nl"]},{"name":"Wikipedia (ja)","description":"Wikipedia - フリー百科事典","creator":null,"developers":null,"translators":null,"contributors":null,"locales":["ja"]},{"name":"Vikipeedia (et)","description":"Vikipeedia, vaba entsüklopeedia","creator":null,"developers":null,"translators":null,"contributors":null,"locales":["et"]},{"name":"Wikipèdia (oc)","description":"Wikipèdia, l'enciclopèdia liura","creator":null,"developers":null,"translators":null,"contributors":null,"locales":["oc"]},{"name":"Wicipedia (cy)","description":"Wicipedia, Y Gwyddioniadur Rhydd","creator":null,"developers":null,"translators":null,"contributors":null,"locales":["cy"]},{"name":"వికీపీడియా (te)","description":"వికీపీడియా (te)","creator":null,"developers":null,"translators":null,"contributors":null,"locales":["te"]},{"name":"Wikipédia (fr)","description":"Wikipédia, l'encyclopédie libre","creator":null,"developers":null,"translators":null,"contributors":null,"locales":["fr"]},{"name":"Wikipedia (tl)","description":"Wikipedia, ang malayang ensiklopedya","creator":null,"developers":null,"translators":null,"contributors":null,"locales":["tl"]},{"name":"维基百科","description":"维基百科，自由的百科全书","creator":null,"developers":null,"translators":null,"contributors":null,"locales":["zh-CN"]},{"name":"Wikipedia (lij)","description":"Wikipedia, l'enciclopedia libera","creator":null,"developers":null,"translators":null,"contributors":null,"locales":["lij"]},{"name":"វីគីភីឌា (km)","description":"វីគីភីឌា សព្វ​វចនា​ធិប្បាយ​សេរី","creator":null,"developers":null,"translators":null,"contributors":null,"locales":["km"]},{"name":"Уикипедия (bg)","description":"Уикипедия, свободната енциклоподия","creator":null,"developers":null,"translators":null,"contributors":null,"locales":["bg"]},{"name":"Wikipedia (id)","description":"Wikipedia, ensiklopedia bebas","creator":null,"developers":null,"translators":null,"contributors":null,"locales":["id"]},{"name":"Wikipedia (pa)","description":"ਵਿਕਿਪੀਡਿਆ, ਮੁਫ਼ਤ/ਮੁਕਤ ਸ਼ਬਦਕੋਸ਼","creator":null,"developers":null,"translators":null,"contributors":null,"locales":["pa"]},{"name":"উইকিপিডিয়া (bn)","description":"উইকিপিডিয়া, মুক্ত বিশ্বকোষ","creator":null,"developers":null,"translators":null,"contributors":null,"locales":["bn"]},{"name":"Wikipedia (eu)","description":"Wikipedia, entziklopedia askea","creator":null,"developers":null,"translators":null,"contributors":null,"locales":["eu"]},{"name":"Wikipedie (cs)","description":"Wikipedia, svobodná encyclopedie","creator":null,"developers":null,"translators":null,"contributors":null,"locales":["cz"]},{"name":"Wikipédia (hu)","description":"Wikipedia, a szabad enciklopédia","creator":null,"developers":null,"translators":null,"contributors":null,"locales":["hu"]},{"name":"Wikipedia (kn)","description":"Wikipedia, the free encyclopedia","creator":null,"developers":null,"translators":null,"contributors":null,"locales":["kn"]},{"name":"Wikipedia (is)","description":"Wikipedia, the free encyclopedia","creator":null,"developers":null,"translators":null,"contributors":null,"locales":["is"]},{"name":"Вікіпедія (uk)","description":"Вікіпедія, вільна енциклопедія","creator":null,"developers":null,"translators":null,"contributors":null,"locales":["uk"]},{"name":"Wikipedia (kab)","description":"Wikipedia, tasanayt tilellit","creator":null,"developers":null,"translators":null,"contributors":null,"locales":["kab"]},{"name":"Wikipedia (zh)","description":"維基百科，自由的百科全書","creator":null,"developers":null,"translators":null,"contributors":null,"locales":["zh-TW"]},{"name":"ویکیپیڈیا (ur)","description":"ویکیپیڈیا آزاد دائرۃ المعارف","creator":null,"developers":null,"translators":null,"contributors":null,"locales":["ur"]},{"name":"Vikipedio (eo)","description":"Vikipedio, la libera enciklopedio","creator":null,"developers":null,"translators":null,"contributors":null,"locales":["eo"]},{"name":"Wikipedia (si)","description":"Wikipedia, the free encyclopedia","creator":null,"developers":null,"translators":null,"contributors":null,"locales":["si"]},{"name":"ويكيبيديا (ar)","description":"ويكيبيديا (ar)","creator":null,"developers":null,"translators":null,"contributors":null,"locales":["ar"]},{"name":"Wikipedia (vi)","description":"Wikipedia, bách khoa toàn thư mở","creator":null,"developers":null,"translators":null,"contributors":null,"locales":["vi"]},{"name":"ვიკიპედია (ka)","description":"ვიკიპედია, თავისუფალი ენციკლოპედია","creator":null,"developers":null,"translators":null,"contributors":null,"locales":["ka"]},{"name":"Uicipeid (gd)","description":"Wikipedia, An leabhar mòr-eòlais","creator":null,"developers":null,"translators":null,"contributors":null,"locales":["gd"]},{"name":"Wikipedia (it)","description":"Wikipedia, l'enciclopedia libera","creator":null,"developers":null,"translators":null,"contributors":null,"locales":["it"]},{"name":"Vikipediya (uz)","description":"Vikipediya, ochiq ensiklopediya","creator":null,"developers":null,"translators":null,"contributors":null,"locales":["uz"]},{"name":"Wikipedia (lt)","description":"Vikipedija, laisvoji enciklopedija","creator":null,"developers":null,"translators":null,"contributors":null,"locales":["lt"]},{"name":"Wikipedia (sq)","description":"Wikipedia, enciklopedia e lirë","creator":null,"developers":null,"translators":null,"contributors":null,"locales":["sq"]},{"name":"Vicipéid (ga)","description":"Vicipéid, an Chiclipéid Shaor","creator":null,"developers":null,"translators":null,"contributors":null,"locales":["ga-IE"]},{"name":"विकिपीडिया (hi)","description":"विकिपीडिया (हिन्दी)","creator":null,"developers":null,"translators":null,"contributors":null,"locales":["hi"]},{"name":"Vikipedeja (ltg)","description":"Vikipēdija, breivuo eņciklopedeja","creator":null,"developers":null,"translators":null,"contributors":null,"locales":["ltg"]},{"name":"விக்கிப்பீடியா (ta)","description":"விக்கிப்பீடியா (ta)","creator":null,"developers":null,"translators":null,"contributors":null,"locales":["ta"]},{"name":"Vikipediya (az)","description":"Vikipediya, açıq ensiklopediya","creator":null,"developers":null,"translators":null,"contributors":null,"locales":["az"]},{"name":"Википедија (mk)","description":"Википедија, слободната енциклопедија","creator":null,"developers":null,"translators":null,"contributors":null,"locales":["mk"]},{"name":"วิกิพีเดีย","description":"วิกิพีเดีย สารานุกรมเสรี","creator":null,"developers":null,"translators":null,"contributors":null,"locales":["th"]},{"name":"Wikipedia (de)","description":"Wikipedia, die freie Enzyklopädie","creator":null,"developers":null,"translators":null,"contributors":null,"locales":["de"]},{"name":"Wikipedija (dsb)","description":"Wikipedija, lichotna encyklopedija","creator":null,"developers":null,"translators":null,"contributors":null,"locales":["dsb"]},{"name":"विकिपीडिया (mr)","description":"विकिपीडिया, मोफत माहितीकोष","creator":null,"developers":null,"translators":null,"contributors":null,"locales":["mr"]},{"name":"Wikipedia (ast)","description":"La enciclopedia llibre","creator":null,"developers":null,"translators":null,"contributors":null,"locales":["ast"]},{"name":"Wikipedia (my)","description":"အခမဲ့လွတ်လပ်စွယ်စုံကျမ်း","creator":null,"developers":null,"translators":null,"contributors":null,"locales":["my"]},{"name":"Wikipedia (rm)","description":"Vichipedia, l'enciclopedia libra","creator":null,"developers":null,"translators":null,"contributors":null,"locales":["rm"]},{"name":"Wikipedia (nn)","description":"Wikipedia, det frie oppslagsverket","creator":null,"developers":null,"translators":null,"contributors":null,"locales":["NN"]},{"name":"Wikipedia (wo)","description":"Wikipedia, Jimbulang bu Ubbeeku bi","creator":null,"developers":null,"translators":null,"contributors":null,"locales":["wo"]},{"name":"Wikipedia (gl)","description":"Wikipedia, a enciclopedia libre","creator":null,"developers":null,"translators":null,"contributors":null,"locales":["gl"]},{"name":"Viquipèdia (ca)","description":"L'enciclopèdia lliure","creator":null,"developers":null,"translators":null,"contributors":null,"locales":["ca"]},{"name":"Wikipédia (sk)","description":"Wikipédia, slobodná a otvorená encyklopédia","creator":null,"developers":null,"translators":null,"contributors":null,"locales":["sk"]},{"name":"Википедија (sr)","description":"Претрага Википедије на српском језику","creator":null,"developers":null,"translators":null,"contributors":null,"locales":["sr"]},{"name":"Wikipedia (af)","description":"Wikipedia, die vrye ensiklopedie","creator":null,"developers":null,"translators":null,"contributors":null,"locales":["af"]},{"name":"ویکی‌پدیا (fa)","description":"ویکی‌پدیا، دانشنامهٔ آزاد","creator":null,"developers":null,"translators":null,"contributors":null,"locales":["fa"]},{"name":"Wikipedia (ms)","description":"Wikipedia, ensiklopedia bebas","creator":null,"developers":null,"translators":null,"contributors":null,"locales":["ms"]},{"name":"Wikipedia (ia)","description":"Wikipedia, le encyclopedia libere","creator":null,"developers":null,"translators":null,"contributors":null,"locales":["ia"]},{"name":"Wikipedia (no)","description":"Wikipedia, den frie encyklopedi","creator":null,"developers":null,"translators":null,"contributors":null,"locales":["NO"]},{"name":"Википедия (ru)","description":"Википедия, свободная энциклопедия","creator":null,"developers":null,"translators":null,"contributors":null,"locales":["ru"]},{"name":"Wikipedia (br)","description":"Wikipedia, an holloueziadur digor","creator":null,"developers":null,"translators":null,"contributors":null,"locales":["br"]},{"name":"Wikipedia (pl)","description":"Wikipedia, wolna encyklopedia","creator":null,"developers":null,"translators":null,"contributors":null,"locales":["pl"]},{"name":"Wikipedia (sv)","description":"Wikipedia, den fria encyklopedin","creator":null,"developers":null,"translators":null,"contributors":null,"locales":["sv-SE"]},{"name":"ວິກິພີເດຍ (lo)","description":"ວິກິພີເດຍ, ສາລານຸກົມເສລີ","creator":null,"developers":null,"translators":null,"contributors":null,"locales":["lo"]},{"name":"Вікіпэдыя (be-tarask)","description":"Вікіпэдыя, вольная энцыкляпэдыя","creator":null,"developers":null,"translators":null,"contributors":null,"locales":["be-tarask"]},{"name":"Wikipedija (sl)","description":"Wikipedija, prosta enciklopedija","creator":null,"developers":null,"translators":null,"contributors":null,"locales":["sl"]},{"name":"Vikipēdija","description":"Vikipēdija, brīvā enciklopēdija","creator":null,"developers":null,"translators":null,"contributors":null,"locales":["lv"]},{"name":"Biquipedia (an)","description":"A enciclopedia Libre","creator":null,"developers":null,"translators":null,"contributors":null,"locales":["an"]}],"targetApplications":[{"id":"toolkit@mozilla.org","minVersion":null,"maxVersion":null}],"targetPlatforms":[],"signedDate":null,"seen":true,"dependencies":[],"incognito":"spanning","userPermissions":{"permissions":[],"origins":[]},"optionalPermissions":{"permissions":[],"origins":[]},"icons":{"16":"favicon.ico"},"iconURL":null,"blocklistState":0,"blocklistURL":null,"startupData":{},"hidden":true,"installTelemetryInfo":null,"recommendationState":null,"rootURI":"resource://search-extensions/wikipedia/","location":"app-builtin"},{"id":"bing@search.mozilla.org","syncGUID":"{aae0aa4b-92c7-48d4-806c-7a3249bcbaad}","version":"1.6","type":"extension","loader":null,"updateURL":null,"installOrigins":null,"manifestVersion":2,"optionsURL":null,"optionsType":null,"optionsBrowserStyle":true,"aboutURL":null,"defaultLocale":{"name":"Bing","description":"Microsoft Bing","creator":null,"developers":null,"translators":null,"contributors":null},"visible":true,"active":true,"userDisabled":false,"appDisabled":false,"embedderDisabled":false,"installDate":1684440727975,"applyBackgroundUpdates":1,"path":null,"skinnable":false,"sourceURI":null,"releaseNotesURI":null,"softDisabled":false,"foreignInstall":false,"strictCompatibility":true,"locales":[],"targetApplications":[{"id":"toolkit@mozilla.org","minVersion":null,"maxVersion":null}],"targetPlatforms":[],"signedDate":null,"seen":true,"dependencies":[],"incognito":"spanning","userPermissions":{"permissions":[],"origins":[]},"optionalPermissions":{"permissions":[],"origins":[]},"icons":{"16":"favicon.ico"},"iconURL":null,"blocklistState":0,"blocklistURL":null,"startupData":{},"hidden":true,"installTelemetryInfo":null,"recommendationState":null,"rootURI":"resource://search-extensions/bing/","location":"app-builtin"},{"id":"ddg@search.mozilla.org","syncGUID":"{bb302421-0c4e-4322-a2d0-00732788aa09}","version":"1.4","type":"extension","loader":null,"updateURL":null,"installOrigins":null,"manifestVersion":2,"optionsURL":null,"optionsType":null,"optionsBrowserStyle":true,"aboutURL":null,"defaultLocale":{"name":"DuckDuckGo","description":"Search DuckDuckGo","creator":null,"developers":null,"translators":null,"contributors":null},"visible":true,"active":true,"userDisabled":false,"appDisabled":false,"embedderDisabled":false,"installDate":1684440728050,"applyBackgroundUpdates":1,"path":null,"skinnable":false,"sourceURI":null,"releaseNotesURI":null,"softDisabled":false,"foreignInstall":false,"strictCompatibility":true,"locales":[],"targetApplications":[{"id":"toolkit@mozilla.org","minVersion":null,"maxVersion":null}],"targetPlatforms":[],"signedDate":null,"seen":true,"dependencies":[],"incognito":"spanning","userPermissions":{"permissions":[],"origins":[]},"optionalPermissions":{"permissions":[],"origins":[]},"icons":{"16":"favicon.ico"},"iconURL":null,"blocklistState":0,"blocklistURL":null,"startupData":{},"hidden":true,"installTelemetryInfo":null,"recommendationState":null,"rootURI":"resource://search-extensions/ddg/","location":"app-builtin"},{"id":"firefox-compact-light@mozilla.org","syncGUID":"{bd430b59-649a-4232-bfe2-ab87bbe1c4ee}","version":"1.2","type":"theme","loader":null,"updateURL":null,"installOrigins":null,"manifestVersion":2,"optionsURL":null,"optionsType":null,"optionsBrowserStyle":true,"aboutURL":null,"defaultLocale":{"name":"Light","description":"A theme with a light color scheme.","creator":"Mozilla","developers":null,"translators":null,"contributors":null},"visible":true,"active":false,"userDisabled":true,"appDisabled":false,"embedderDisabled":false,"installDate":1684440728848,"applyBackgroundUpdates":1,"path":null,"skinnable":false,"sourceURI":null,"releaseNotesURI":null,"softDisabled":false,"foreignInstall":false,"strictCompatibility":true,"locales":[],"targetApplications":[{"id":"toolkit@mozilla.org","minVersion":null,"maxVersion":null}],"targetPlatforms":[],"signedDate":null,"seen":true,"dependencies":[],"userPermissions":null,"optionalPermissions":null,"icons":{"32":"icon.svg"},"iconURL":null,"blocklistState":0,"blocklistURL":null,"startupData":null,"hidden":false,"installTelemetryInfo":null,"recommendationState":null,"rootURI":"resource://builtin-themes/light/","location":"app-builtin"},{"id":"firefox-compact-dark@mozilla.org","syncGUID":"{cf794f28-0409-407b-8620-49c0e9562903}","version":"1.2","type":"theme","loader":null,"updateURL":null,"installOrigins":null,"manifestVersion":2,"optionsURL":null,"optionsType":null,"optionsBrowserStyle":true,"aboutURL":null,"defaultLocale":{"name":"Dark","description":"A theme with a dark color scheme.","creator":"Mozilla","developers":null,"translators":null,"contributors":null},"visible":true,"active":false,"userDisabled":true,"appDisabled":false,"embedderDisabled":false,"installDate":1684440728853,"applyBackgroundUpdates":1,"path":null,"skinnable":false,"sourceURI":null,"releaseNotesURI":null,"softDisabled":false,"foreignInstall":false,"strictCompatibility":true,"locales":[],"targetApplications":[{"id":"toolkit@mozilla.org","minVersion":null,"maxVersion":null}],"targetPlatforms":[],"signedDate":null,"seen":true,"dependencies":[],"userPermissions":null,"optionalPermissions":null,"icons":{"32":"icon.svg"},"iconURL":null,"blocklistState":0,"blocklistURL":null,"startupData":null,"hidden":false,"installTelemetryInfo":null,"recommendationState":null,"rootURI":"resource://builtin-themes/dark/","location":"app-builtin"},{"id":"firefox-alpenglow@mozilla.org","syncGUID":"{9a588d4a-67bf-45fc-91d1-16b9f3a1caa4}","version":"1.4","type":"theme","loader":null,"updateURL":null,"installOrigins":null,"manifestVersion":2,"optionsURL":null,"optionsType":null,"optionsBrowserStyle":true,"aboutURL":null,"defaultLocale":{"name":"Firefox Alpenglow","description":"Use a colorful appearance for buttons, menus, and windows.","creator":null,"developers":null,"translators":null,"contributors":null},"visible":true,"active":false,"userDisabled":true,"appDisabled":false,"embedderDisabled":false,"installDate":1684440728855,"applyBackgroundUpdates":1,"path":null,"skinnable":false,"sourceURI":null,"releaseNotesURI":null,"softDisabled":false,"foreignInstall":false,"strictCompatibility":true,"locales":[],"targetApplications":[{"id":"toolkit@mozilla.org","minVersion":null,"maxVersion":null}],"targetPlatforms":[],"signedDate":null,"seen":true,"dependencies":[],"userPermissions":null,"optionalPermissions":null,"icons":{"32":"icon.svg"},"iconURL":null,"blocklistState":0,"blocklistURL":null,"startupData":null,"hidden":false,"installTelemetryInfo":null,"recommendationState":null,"rootURI":"resource://builtin-themes/alpenglow/","location":"app-builtin"},{"id":"{fef425dc-a60f-4484-954d-71ecf2544846}","syncGUID":"{ecc644a3-be6a-48ab-a636-549b8674ce70}","version":"2.0.9","type":"extension","loader":null,"updateURL":null,"installOrigins":null,"manifestVersion":2,"optionsURL":null,"optionsType":null,"optionsBrowserStyle":true,"aboutURL":null,"defaultLocale":{"name":"eBesucher Addon","description":"Discover new websites and get paid with the eBesucher add-on","creator":"eBesucher","homepageURL":"https://ebesucher.de","developers":null,"translators":null,"contributors":null},"visible":true,"active":true,"userDisabled":false,"appDisabled":false,"embedderDisabled":false,"installDate":1684440782976,"updateDate":1698155930046,"applyBackgroundUpdates":1,"path":"/config/profile/extensions/{fef425dc-a60f-4484-954d-71ecf2544846}.xpi","skinnable":false,"sourceURI":null,"releaseNotesURI":null,"softDisabled":false,"foreignInstall":false,"strictCompatibility":true,"locales":[{"name":"eBesucher Addon","description":"Discover new websites and get paid with the eBesucher add-on","creator":"eBesucher","homepageURL":"https://ebesucher.de","developers":null,"translators":null,"contributors":null,"locales":["en"]},{"name":"eBesucher Addon","description":"Découvre de nouveaux sites Web et gagne de l'argent avec notre eBesucher add-on","creator":"eBesucher","homepageURL":"https://ebesucher.de","developers":null,"translators":null,"contributors":null,"locales":["fr"]},{"name":"eBesucher Addon","description":"Discover new websites and get paid with the eBesucher add-on","creator":"eBesucher","homepageURL":"https://ebesucher.de","developers":null,"translators":null,"contributors":null,"locales":["ru"]},{"name":"eBesucher Addon","description":"Descubre nuevos sitios web y gana dinero con el complemento de eBesucher","creator":"eBesucher","homepageURL":"https://ebesucher.de","developers":null,"translators":null,"contributors":null,"locales":["es"]},{"name":"eBesucher Addon","description":"Entdecke neue Webseiten und verdiene Geld mit dem eBesucher Add-on","creator":"eBesucher","homepageURL":"https://ebesucher.de","developers":null,"translators":null,"contributors":null,"locales":["de"]}],"targetApplications":[{"id":"toolkit@mozilla.org","minVersion":null,"maxVersion":null}],"targetPlatforms":[],"signedState":2,"signedDate":1676476835000,"seen":true,"dependencies":[],"incognito":"spanning","userPermissions":{"permissions":["storage","tabs","management","webRequest","webRequestBlocking"],"origins":["*://ebesucher.de/*","<all_urls>"]},"optionalPermissions":{"permissions":[],"origins":[]},"icons":{"32":"resources/icons/logo-32x32.png","64":"resources/icons/logo-64x64.png"},"iconURL":null,"blocklistState":0,"blocklistURL":null,"startupData":{},"hidden":false,"installTelemetryInfo":{"source":"amo","sourceURL":"https://addons.mozilla.org/en-US/firefox/addon/ebesucher-addon1/","method":"amWebAPI"},"recommendationState":null,"rootURI":"jar:file:///config/profile/extensions/%7Bfef425dc-a60f-4484-954d-71ecf2544846%7D.xpi!/","location":"app-profile"},{"id":"{aecec67f-0d10-4fa7-b7c7-609a2db280cf}","syncGUID":"{6dde5573-ed48-4a2c-80e8-d50bb28fba5a}","version":"2.15.0","type":"extension","loader":null,"updateURL":null,"installOrigins":null,"manifestVersion":2,"optionsURL":"options/index.html","optionsType":3,"optionsBrowserStyle":false,"aboutURL":null,"defaultLocale":{"name":"Violentmonkey","description":"An open source userscript manager that supports a lot of browsers","creator":"Gerald","homepageURL":"https://violentmonkey.github.io/","developers":null,"translators":null,"contributors":null},"visible":true,"active":true,"userDisabled":false,"appDisabled":false,"embedderDisabled":false,"installDate":1698154920113,"updateDate":1698155930046,"applyBackgroundUpdates":1,"path":"/config/profile/extensions/{aecec67f-0d10-4fa7-b7c7-609a2db280cf}.xpi","skinnable":false,"sourceURI":null,"releaseNotesURI":null,"softDisabled":false,"foreignInstall":false,"strictCompatibility":true,"locales":[{"name":"Violentmonkey","description":"An open source userscript manager that supports a lot of browsers","creator":"Gerald","homepageURL":"https://violentmonkey.github.io/","developers":null,"translators":null,"contributors":null,"locales":["en"]},{"name":"Violentmonkey","description":"多くのブラウザをサポートする、オープンソースの UserScript マネージャー","creator":"Gerald","homepageURL":"https://violentmonkey.github.io/","developers":null,"translators":null,"contributors":null,"locales":["ja"]},{"name":"Violentmonkey","description":"Oferece suporte a scripts de utilizador para navegadores.","creator":"Gerald","homepageURL":"https://violentmonkey.github.io/","developers":null,"translators":null,"contributors":null,"locales":["pt-PT"]},{"name":"Violentmonkey","description":"Un gestionnaire de scipts utilisateurs qui supporte beaucoup de navigateurs","creator":"Gerald","homepageURL":"https://violentmonkey.github.io/","developers":null,"translators":null,"contributors":null,"locales":["fr"]},{"name":"Violentmonkey","description":"Pengelola userscript sumber terbuka yang mendukung banyak peramban","creator":"Gerald","homepageURL":"https://violentmonkey.github.io/","developers":null,"translators":null,"contributors":null,"locales":["id"]},{"name":"Violentmonkey","description":"An open source userscript manager that supports a lot of browsers","creator":"Gerald","homepageURL":"https://violentmonkey.github.io/","developers":null,"translators":null,"contributors":null,"locales":["cs"]},{"name":"Violentmonkey","description":"Egy nyílt forráskódú userscript menedzser, ami rengeteg böngészőt támogat!","creator":"Gerald","homepageURL":"https://violentmonkey.github.io/","developers":null,"translators":null,"contributors":null,"locales":["hu"]},{"name":"Violentmonkey","description":"Violentmonkey дозволяє користувачеві автоматично вводити скрипти в сторінки, щоб змінювати їх вигляд чи поведінку.","creator":"Gerald","homepageURL":"https://violentmonkey.github.io/","developers":null,"translators":null,"contributors":null,"locales":["uk"]},{"name":"Violentmonkey","description":"An open source userscript manager that supports a lot of browsers","creator":"Gerald","homepageURL":"https://violentmonkey.github.io/","developers":null,"translators":null,"contributors":null,"locales":["ar"]},{"name":"Violentmonkey","description":"Hỗ trợ chạy userscript trên trình duyệt.","creator":"Gerald","homepageURL":"https://violentmonkey.github.io/","developers":null,"translators":null,"contributors":null,"locales":["vi"]},{"name":"Violentmonkey","description":"유저스크립트를 실행합니다.","creator":"Gerald","homepageURL":"https://violentmonkey.github.io/","developers":null,"translators":null,"contributors":null,"locales":["ko"]},{"name":"Violentmonkey","description":"Un administrador de userscripts de código abierto que admite muchos navegadores","creator":"Gerald","homepageURL":"https://violentmonkey.github.io/","developers":null,"translators":null,"contributors":null,"locales":["es-419"]},{"name":"Violentmonkey","description":"Un gestore di userscript libero che supporta un sacco di browser","creator":"Gerald","homepageURL":"https://violentmonkey.github.io/","developers":null,"translators":null,"contributors":null,"locales":["it"]},{"name":"Violentmonkey","description":"Ein quelloffener Benutzerskript-Manager, der viele Browser unterstützt.","creator":"Gerald","homepageURL":"https://violentmonkey.github.io/","developers":null,"translators":null,"contributors":null,"locales":["de"]},{"name":"Violentmonkey","description":"An open source userscript manager that supports a lot of browsers","creator":"Gerald","homepageURL":"https://violentmonkey.github.io/","developers":null,"translators":null,"contributors":null,"locales":["sr"]},{"name":"暴力猴","description":"一个开源的用户脚本管理器，支持很多浏览器","creator":"Gerald","homepageURL":"https://violentmonkey.github.io/","developers":null,"translators":null,"contributors":null,"locales":["zh-CN"]},{"name":"Violentmonkey","description":"Správca používateľských skriptov s otvoreným kódom a podporou viacerých prehliadačov","creator":"Gerald","homepageURL":"https://violentmonkey.github.io/","developers":null,"translators":null,"contributors":null,"locales":["sk"]},{"name":"Violentmonkey","description":"Violentmonkey - менеджер пользовательских скриптов для множества браузеров, с открытым исходным кодом.","creator":"Gerald","homepageURL":"https://violentmonkey.github.io/","developers":null,"translators":null,"contributors":null,"locales":["ru"]},{"name":"Violentmonkey","description":"Menedżer skryptów użytkownika o otwartym kodzie źródłowym, który  obsługuje wiele przeglądarek.","creator":"Gerald","homepageURL":"https://violentmonkey.github.io/","developers":null,"translators":null,"contributors":null,"locales":["pl"]},{"name":"Violentmonkey","description":"Omogućava korištenje korisničkih skripti u web pregledniku.","creator":"Gerald","homepageURL":"https://violentmonkey.github.io/","developers":null,"translators":null,"contributors":null,"locales":["hr"]},{"name":"Violentmonkey","description":"Lisää selaimiin tuen käyttäjäskripteille.","creator":"Gerald","homepageURL":"https://violentmonkey.github.io/","developers":null,"translators":null,"contributors":null,"locales":["fi"]},{"name":"Violentmonkey","description":"An open source userscript manager that supports a lot of browsers","creator":"Gerald","homepageURL":"https://violentmonkey.github.io/","developers":null,"translators":null,"contributors":null,"locales":["lv"]},{"name":"Violentmonkey","description":"Un manager de userscripturi, open source, care suportă o grămadă de browsere","creator":"Gerald","homepageURL":"https://violentmonkey.github.io/","developers":null,"translators":null,"contributors":null,"locales":["ro"]},{"name":"Violentmonkey","description":"Προσφέρει υποστήριξη για σενάρια χρηστών για τους φυλλομετρητές.","creator":"Gerald","homepageURL":"https://violentmonkey.github.io/","developers":null,"translators":null,"contributors":null,"locales":["el"]},{"name":"Violentmonkey","description":"Un administrador de userscripts de código abierto que admite muchos navegadores","creator":"Gerald","homepageURL":"https://violentmonkey.github.io/","developers":null,"translators":null,"contributors":null,"locales":["es"]},{"name":"Violentmonkey","description":"Um gerenciador de script de usuário de código aberto que tem suporte à muitos navegadores","creator":"Gerald","homepageURL":"https://violentmonkey.github.io/","developers":null,"translators":null,"contributors":null,"locales":["pt-BR"]},{"name":"暴力猴","description":"開放原始碼的使用者腳本管理器，支援多種瀏覽器","creator":"Gerald","homepageURL":"https://violentmonkey.github.io/","developers":null,"translators":null,"contributors":null,"locales":["zh-TW"]},{"name":"Violentmonkey","description":"Birçok tarayıcıyı destekleyen açık kaynak kodlu bir kullanıcı betiği yöneticisi","creator":"Gerald","homepageURL":"https://violentmonkey.github.io/","developers":null,"translators":null,"contributors":null,"locales":["tr"]},{"name":"Violentmonkey","description":"Een open source gebruikersscriptbeheerder voor diverse webbrowsers","creator":"Gerald","homepageURL":"https://violentmonkey.github.io/","developers":null,"translators":null,"contributors":null,"locales":["nl"]}],"targetApplications":[{"id":"toolkit@mozilla.org","minVersion":"57.0","maxVersion":null}],"targetPlatforms":[],"signedState":2,"signedDate":1690549173000,"seen":true,"dependencies":[],"incognito":"spanning","userPermissions":{"permissions":["tabs","webRequest","webRequestBlocking","notifications","storage","unlimitedStorage","clipboardWrite","cookies"],"origins":["<all_urls>"]},"optionalPermissions":{"permissions":[],"origins":[]},"icons":{"16":"public/images/icon16.png","48":"public/images/icon48.png","128":"public/images/icon128.png"},"iconURL":null,"blocklistState":0,"blocklistURL":null,"startupData":{"persistentListeners":{"webRequest":{"onBeforeRequest":[[{"incognito":null,"tabId":null,"types":["main_frame"],"urls":["*://*/*.user.js","*://*/*.user.js?*","file://*/*.user.js","file://*/*.user.js?*","moz-extension://2ddbb8b4-50e3-43b6-a420-940596af462a/*.user.js"],"windowId":null},["blocking"]]]}}},"hidden":false,"installTelemetryInfo":{"source":"amo","sourceURL":"https://addons.mozilla.org/en-US/firefox/addon/violentmonkey/","method":"amWebAPI"},"recommendationState":null,"rootURI":"jar:file:///config/profile/extensions/%7Baecec67f-0d10-4fa7-b7c7-609a2db280cf%7D.xpi!/","location":"app-profile"},{"id":"hekt@akmal.dev","syncGUID":"{7cd40e7c-8eb8-49a2-a101-9690b7cc9683}","version":"0.3.1","type":"extension","loader":null,"updateURL":null,"installOrigins":null,"manifestVersion":3,"optionsURL":null,"optionsType":null,"optionsBrowserStyle":true,"aboutURL":null,"defaultLocale":{"name":"hektCaptcha: hCaptcha Solver","description":"Automatically solve hCaptcha using AI. Locally, with Chrome extension.","creator":null,"developers":null,"translators":null,"contributors":null},"visible":true,"active":true,"userDisabled":false,"appDisabled":false,"embedderDisabled":false,"installDate":1698156575740,"updateDate":1698156575740,"applyBackgroundUpdates":1,"path":"/config/profile/extensions/hekt@akmal.dev.xpi","skinnable":false,"sourceURI":"https://addons.mozilla.org/firefox/downloads/file/4181240/hektcaptcha-0.3.1.xpi","releaseNotesURI":null,"softDisabled":false,"foreignInstall":false,"strictCompatibility":true,"locales":[],"targetApplications":[{"id":"toolkit@mozilla.org","minVersion":null,"maxVersion":null}],"targetPlatforms":[],"signedState":2,"signedDate":1697242530000,"seen":true,"dependencies":[],"incognito":"spanning","userPermissions":{"permissions":["declarativeNetRequest","storage"],"origins":[]},"optionalPermissions":{"permissions":[],"origins":["*://hekt-static.akmal.dev/*","*://*.google.com/recaptcha/*","*://*.recaptcha.net/recaptcha/*","*://*.hcaptcha.com/captcha/*","*://*.google.com/recaptcha/api2/*","*://*.google.com/recaptcha/enterprise/*","*://*.recaptcha.net/recaptcha/api2/*","*://*.recaptcha.net/recaptcha/enterprise/*","<all_urls>"]},"icons":{"16":"icons/icon_16.png","32":"icons/icon_32.png","48":"icons/icon_48.png","128":"icons/icon_128.png"},"iconURL":null,"blocklistState":0,"blocklistURL":null,"startupData":null,"hidden":false,"installTelemetryInfo":{"source":"amo","sourceURL":"https://addons.mozilla.org/en-US/firefox/addon/hektcaptcha/","method":"amWebAPI"},"recommendationState":null,"rootURI":"jar:file:///config/profile/extensions/hekt@akmal.dev.xpi!/","location":"app-profile"}]}